Job Title,Salary Estimate,Job Description,Rating,Company Name,Location,Size,Founded,Type of ownership,Industry,Sector,Revenue,employer_provided_salary,min_salary,max_salary,avg_salary,company_text,company_age,python_yn,R_yn,sql_yn,excel_yn
Data Scientist - IT,₹21L - ₹22L (Glassdoor Est.),"Job Location
Mumbai

Job Description

P&G was founded over 180 years ago as a simple soap and candle company. Today, we're the world’s largest consumer goods company and home to iconic, trusted brands that make life a little bit easier in small but meaningful ways. We've spanned three centuries thanks to three simple ideas: leadership, innovation and citizenship. The insight, innovation and passion of hardworking teams has helped us grow into a global company that is governed responsibly and ethically, that is open and transparent, and that supports good causes and protects the environment. This is a place where you can be proud to work and do something that matters.

Dedication from Us:
You'll be at the core of breakthrough innovations, be given exciting assignments, lead initiatives, and take ownership and responsibility, in creative work spaces where new ideas flourish. All the while, you'll receive outstanding training to help you become a leader in your field. It is not just about what you'll do, but how you'll feel: encouraged, valued, purposeful, challenged, heard, and inspired.


Continuous mentorship – you will collaborate with passionate peers and receive both formal training as well as day-to-day mentoring from your manager dynamic and supportive work environment– employees are at the centre, we value every individual and support initiatives, promoting agility and work/life balance.


We are an equal opportunity employer and value diversity at our company. Our mission of diversity and inclusion is: “Everyone valued. Everyone included. Everyone performing at their peak”.

Responsible for building advanced analytic (ML/AI/Optimization) algorithms within a Data Science program and working with Business Partners and Friends of Data Science to insert algorithms into business processes and activate them directly with the business.

Job Schedule
Full time

Job Number
R000062313

Job Segmentation
Experienced Professionals (Job Segmentation)

Job Qualifications",4.2,"Procter & Gamble
4.2",Mumbai,10000+ Employees,1837,Company - Public,Consumer Product Manufacturing,Manufacturing,$10+ billion (USD),0,21 , 22 ,21.5,"Procter & Gamble
",185,0,1,0,0
Junior Data Scientist,Employer Provided Salary:₹2L - ₹3L,"1+ years of hands-on experience with the Python or R, SQL
1+ yrs. of data science/analytics experience.
Experience with traditional Machine Learning
Well-developed analytical, logical and problem solving skills
Working knowledge of Statistics, common data science took kits
Excellent communication (written and oral) & technical writing skills
Working experience in containerized, cloud-based environments - AWS/Google could.
Experience with developing and maintaining CI/CD pipelines
Experience in designing, developing, deploying and operating scalable RESTful micro-services",-1.0,Dhrima Solutions LLP,Rājkot,-1,-1,-1,-1,-1,-1,1,2 , 3,2.5,Dhrima Solutions LLP,-1,1,1,1,1
Data Science - Manager,₹3L - ₹14L (Glassdoor Est.),"Audit Transformation – Data Science – Manager/Sr. Manager
Deloitte’s Audit and Assurance business embraces the promise of artificial intelligence and machine learning, with various forms of AI and ML embedded in the audit technology solutions currently used by our 10,000+ practitioners today. Within our dedicated Data Science organization, a subgroup of the Audit Transformation group, we continue that journey enabling the next generation of AI-enabled solutions that usher in a future that completely transforms the way our practitioners perform their audit work, and the insights we can provide to our clients.
The Data Science group consists of a blend of auditors and data scientists working hand-in-hand to capitalize on our world-class data assets and ideate, design, develop, deploy, and manage AI and ML solutions that can be integrated into our existing Omnia ecosystem to increase the quality of our audits, and automate mechanical processes. You will be joining a growing team of talented professionals dedicated to realizing the vision of an AI-enabled audit.",4.1,"Deloitte
4.1",Bangalore,10000+ Employees,1850,Company - Private,Accounting & Tax,Finance,$10+ billion (USD),0,3 , 14 ,8.5,"Deloitte
",172,0,1,0,0
Sr. Data Scientist,₹11L - ₹21L (Glassdoor Est.),"Job Description
We are looking for Senior Data scientist to join our Data Analytics team (offices working in Hybrid model). This is an amazing opportunity to support the team for analysis of Real world data (RWD) by taking individual responsibility of assigned projects. The team consists of around 30 people and the reporting is to the Manager – Data Analytics.
Joining our team of Data analyst/Data scientist, you will support the team for analysis of Real-world data (RWD) by taking individual responsibility of assigned projects. As a member you will be conducting retrospective data analysis including data management and statistical programming as well as the development of RWD dashboards by translating the Methodology into complex algorithms in collaboration with Team.
Bachelor's/Master’s degree in computer engineering preferred
6+ Years’ experience in a Data Scientist role",3.5,"Clarivate
3.5",Bangalore,10000+ Employees,2016,Company - Public,Information Technology Support Services,Information Technology,$2 to $5 billion (USD),0,11 , 21 ,16.0,"Clarivate
",6,0,1,0,0
PS Manager - Site Data Scientist,₹22L - ₹22L (Glassdoor Est.),"Job Location
Bhopal

Job Description

P&G was founded over 180 years ago as a simple soap and candle company. Today, we're the world’s largest consumer goods company and home to iconic, trusted brands that make life a little bit easier in small but meaningful ways. We've spanned three centuries thanks to three simple ideas: leadership, innovation and citizenship. The insight, innovation and passion of hardworking teams has helped us grow into a global company that is governed responsibly and ethically, that is open and transparent, and that supports good causes and protects the environment. This is a place where you can be proud to work and do something that matters.

Dedication from Us:
You'll be at the core of breakthrough innovations, be given exciting assignments, lead initiatives, and take ownership and responsibility, in creative work spaces where new ideas flourish. All the while, you'll receive outstanding training to help you become a leader in your field. It is not just about what you'll do, but how you'll feel: encouraged, valued, purposeful, challenged, heard, and inspired.


Continuous mentorship – you will collaborate with passionate peers and receive both formal training as well as day-to-day mentoring from your manager dynamic and supportive work environment– employees are at the centre, we value every individual and support initiatives, promoting agility and work/life balance.


We are an equal opportunity employer and value diversity at our company. Our mission of diversity and inclusion is: “Everyone valued. Everyone included. Everyone performing at their peak”.


You will provide technical leadership in supporting OU innovation projects and act as a key enabler in leading and delivering results against challenges. You will work with the innovation team looking at new platforms, machine control, data processing and analytics. You will also:

Develop and plan required analytic projects in response to business needs. Leverage data science tools to solve the toughest process problems in the region.

Develop new analytics/predictive/prescriptive modeling methods and/or tools as required. Propose prescriptive analytic models to build robust and fault-tolerant process control strategies to reduce Operations Effort and improve product quality

Work with process/equipment experts and application developers to identify data relevant for analysis.

Contribute together with process/equipment owners and ITOT to the development and evolution of data models for analytical capabilities. Own data model and maintenance and development for hub-site

Develop and maintain data pipelines for the hub-site

Contribute to define work processes to deploy and maintain predictive/analytical modeling architectures, modeling standards, alarming and reporting, and data analysis methodologies.

Conduct external focus research to drive suggestions on analytical modeling products, services, protocols, and standards that might support and speed-up the smart manufacturing journey.

Identify, diagnose, and resolve prognostics model performance issue. Leverage Reliability Engineering enhance with data science to develop new solutions to reduce losses.


We are an equal opportunity employer and value diversity at our company. Our mission of Diversity and Inclusion is: “Everyone valued. Everyone included. Everyone performing at their peak”.

Job Schedule
Full time

Job Number
R000062410

Job Segmentation
Experienced Professionals (Job Segmentation)


Sufficient business knowledge to understand what data is important, when findings are relevant, and how to exploit data to make decisions.

Strong familiarity with data preparation and processing.

Strong analytical statistical and mathematical modeling capabilities to form hypothesis and to collect, explore, and extract insights from structure and unstructured data to rationally transform raw data into useful information to improve process/equipment operation and maintenance.

Efficient use of software for data visualization, statistical analysis and ML, e.g., Python, R, SAS, Azure ML, Matlab, PowerBi, Tableau, and familiarity with functional programming and scripting languages, e.g., .NET, VB, C++, Python, Matlab.

Understanding data architecture concepts, i.e., relational database structures, data warehouse, big data management, data queries, etc.

Technical understanding of mechatronic systems / first principles (combining principles of process, mechanic, electrical, control and systems engineering)

Teamwork attitude with clear technical communication",4.2,"Procter & Gamble
4.2",Bhopal,10000+ Employees,1837,Company - Public,Consumer Product Manufacturing,Manufacturing,$10+ billion (USD),0,22 , 22 ,22.0,"Procter & Gamble
",185,1,1,0,0
Supply Chain Network Data & Analytics Specialist,₹3L - ₹4L (Glassdoor Est.),"Relocation Assistance Offered Within Country
# 141580 - Mumbai, Maharashtra, India

About Colgate-Palmolive:
Do you want to come to work with a smile and leave with one as well? In between those smiles, your day consists of connecting with others across the world, full of stimulating discussions, and making impactful contributions!
If this is how you see your career, Colgate is the place to be! Our diligent household brands, dedicated employees, and sustainability commitments make us a company passionate about building a future to smile about for our employees, consumers, and surrounding communities. We win as a global organization by continually learning and collaborating. The pride in our brand fuels a workplace that encourages creative thinking champions experimentation and promotes authenticity which has contributed to our enduring success. If you want to work for a company that lives by its values, then give your career a reason to smile...every single day.",4.2,"Colgate-Palmolive
4.2",Mumbai,10000+ Employees,1806,Company - Public,Consumer Product Manufacturing,Manufacturing,$10+ billion (USD),0,3 , 4 ,3.5,"Colgate-Palmolive
",216,0,1,0,0
Sr. Data Scientist,Employer Provided Salary:₹37L,"Our client Successful SA technology group is looking to hire a full-time remote Senior Data Scientist.
The Senior Data Scientist will actively lead the application of data science methods, which includes machine learning, deep learning, artificial intelligence and predictive analytics, required to meet the company’s business interests as well as that of their clients.
Relevant degree in Data Science, Statistics or equivalent quantitative field
Minimum 5+ years of experience
The ideal candidate would have knowledge in:
Machine learning",-1.0,Insourcedev Pvt Ltd,Remote,-1,-1,-1,-1,-1,-1,1,37,37,37.0,Insourcedev Pvt Ltd,-1,0,1,0,0
Lead Data Scientist,₹16L - ₹25L (Glassdoor Est.),"At Boeing, we innovate and collaborate to make the world a better place. From the seabed to outer space, you can contribute to work that matters with a company where diversity, equity and inclusion are shared values. We’re committed to fostering an environment for every teammate that’s welcoming, respectful and inclusive, with great opportunity for professional growth. Find your future with us.
Job Title: Experienced Data Analyst
Boeing is the world’s largest (Per Boeing LinkedIn page) aerospace company and a leading provider of commercial airplanes, defense, space, and security systems, and global services. Building on a legacy of over a century of innovation and leadership, Boeing continues to lead the way in technology and innovation, customer delivery, and investment in its people and future growth of aerospace.",3.8,"BOEING
3.8",Bangalore,10000+ Employees,1916,Company - Public,Aerospace & Defence,Aerospace & Defence,$10+ billion (USD),0,16 , 25 ,20.5,"BOEING
",106,0,1,0,0
Data Science,₹5L - ₹8L (Glassdoor Est.),"Responsibilities
Design and develop ML / NLP models for the project requirement
Deliver ownership to setup ML / NLP models with respect to tools, data and infrastructure as required
Work closely with Product Owner and Product architect right from ML based solution conceptualization till implementation in response to a client requirement
Thought leadership on building ML/NLP based solution based on client requirements
Lead the ML / NLP dialogue during the customer visits and other partner events
Required Skills & Competencies
Strong knowledge of machine learning / NLP algorithms– Information extraction, named entity recognition, text clustering, Knowledge Graph,text summarization, intent classification, word embeddings, vector space models; experience in developing models
Strong experience in NLP using Python; experience in developing microservices and web services
Understanding of data and data analysis; experience with large data sets
Thorough with pandas, scikit and numpy
4+ years of experience implementing and deploying machine learning and deep learning frameworks (Spark, TensorFlow, Keras, Caffe, etc.) through distribution cluster and application programming in cloud platforms including Azure, IBM, AWS and GCP.
Hands on experience Data Science / Big Data technology and architecture

4.00-13.00 Years",3.8,"Larsen & Toubro Infotech Limited
3.8",Mumbai,10000+ Employees,1997,Company - Public,Information Technology Support Services,Information Technology,Unknown / Non-Applicable,0,5 , 8 ,6.5,"Larsen & Toubro Infotech Limited
",25,1,1,0,0
"Senior Analyst- Research & Insights- Data Science, Data Analyst",₹5L - ₹8L (Glassdoor Est.),"Data analyst, Deloitte Health Equity Institute, Center for Health Solutions, Deloitte Services LP
Background:
Deloitte has launched a new social innovation organization called the Deloitte Health Equity Institute (DHEI). DHEI is a data-driven pro bono services, philanthropic, and knowledge development hub within Deloitte’s Center for Health Solutions (DCHS). DCHS is one of the industry research Centers under the Research and Insights (R&I) group.
DHEI draws on Deloitte’s array of capabilities to activate health equity across the United States, helping to realize our firm’s Purpose by moving the field for public good and advancing equitable health outcomes at scale.
CBG_RI",4.1,"Deloitte
4.1",Hyderābād,10000+ Employees,1850,Company - Private,Accounting & Tax,Finance,$10+ billion (USD),0,5 , 8 ,6.5,"Deloitte
",172,0,1,0,0
Data Scientist,₹6L - ₹15L (Glassdoor Est.),"Aufgaben
Qualifications:
Advanced Python Knowledge.
Advanced time series forecasting modelling.
Experience with Object Oriented Programming in Python.
Experience with Machine Learning algorithms.
Fluent in English.
Proactive, good communicator, critical thinking, whole product view (not just feature development), aim for sustainability of the product, team player.

Responsibilities:",4.2,"Mercedes-Benz Research and Development India Private Limited
4.2",Bangalore,10000+ Employees,1886,Company - Public,Transportation Equipment Manufacturing,Manufacturing,Unknown / Non-Applicable,0,6 , 15 ,10.5,"Mercedes-Benz Research and Development India Private Limited
",136,1,1,0,0
Data scientist - Battery models,₹6L - ₹15L (Glassdoor Est.),"Aufgaben
Data Scientist (Battery Modelling and Ageing )
About MBRDI
Mercedes-Benz Research & Development India Headquartered in Bengaluru was founded in 1996 as a captive unit to support Daimler’s research, IT and product development activities. We focus on topics ranging from computer-aided design and simulations (CAD, CAE) for powertrain, chassis and exteriors to embedded systems, telematics and developing various IT applications and tools. The satellite office in Pune specializes in interior component designs and IT engineering. It is now one of the largest global R&D centers outside Germany, employing more than 3000 + skilled engineers. It aims to partner closely with suppliers in India for its activities in product development and IT services.
""We are an equal opportunity employer and value diversity at our company"".
Job Description:
The position presents a unique opportunity to improve and transform the current state of art in the field of Battery Ageing Analytics. The ideal candidate will:
1. Work with the battery experts to identify the improvement areas in the current available techniques.
2. Provide quality solution design for the identified areas.
3. Transform the current state of Battery Ageing techniques using Machine Learning techniques.
4. Design methods to handle high volume of Data, data cleansing, processing, efficient storing.
5. Accelerate Data science Model Development and Model Management using cloud native solutions.
Expected Skills:
Level :: Advanced",4.2,"Mercedes-Benz Research and Development India Private Limited
4.2",Bangalore,10000+ Employees,1886,Company - Public,Transportation Equipment Manufacturing,Manufacturing,Unknown / Non-Applicable,0,6 , 15 ,10.5,"Mercedes-Benz Research and Development India Private Limited
",136,0,1,0,0
Data Scientist,Employer Provided Salary:₹5L - ₹15L,"Technical skills:
Experience in R and/or Python.
Statistical modelling tools
Additional programming skills like Java and Scala would be a plus.
Relevant Experience & Duties:
Build data sets to empower operational and exploratory analysis of data to transform data into information and ‘data for action’.
Design and implement reporting and metrics that track and monitor the performance, quality and overall outcome of various public health program in communicable and noncommunicable diseases.",5.0,"Datrax Services Pvt Ltd
5.0",Mumbai,1 to 50 Employees,2019,Company - Private,HR Consulting,Human Resources & Staffing,Unknown / Non-Applicable,1,5 , 15,10.0,"Datrax Services Pvt Ltd
",3,1,1,0,0
Junior Data Scientist,Employer Provided Salary:₹2L,"Designation:
Data Scientist Jr. level
Expected start date in team:
1 Dec. 2022
Hiring Team:
Data Science team
Count of open positions:
3",-1.0,Flairmid Software Pvt Ltd,Pune,-1,-1,-1,-1,-1,-1,1,2,2,2.0,Flairmid Software Pvt Ltd,-1,0,1,0,0
"Manager – Data Analytics & Scientific Computing @ L'Oreal, R&I, Mumbai",₹2L - ₹6L (Glassdoor Est.),"L'Oréal Research & Innovation might be exactly the place you have always been looking for !

For more than hundred years, L’Oréal believes that beauty needs Science. In a world now transformed by digital technology and the emergence of new scientific Domains, we are confident in our ability to turn these opportunities into major innovations, closely linked to the new consumer expectations all over the world. Science & Technology are allowing us to invent safe, trustable, sustainable & responsible beauty products and experiences that will change people’s lives.
L’Oréal R&I has continuously invested upstream in its research with a high level of ambition. Our 4000 L'Oréal R&I people are talented and highly skilled, located in major markets, working in a cooperative way, opened to the world.
India –",3.9,"L'Oreal
3.9",Mumbai,10000+ Employees,1909,Company - Private,Consumer Product Manufacturing,Manufacturing,$2 to $5 billion (USD),0,2 , 6 ,4.0,"L'Oreal
",113,0,1,0,0
"Data & Analytics Analyst, AVP",₹6L - ₹14L (Glassdoor Est.),"Our people work differently depending on their jobs and needs. From home working to job sharing, visit the remote and flexible working page on our website to find out more.
This role is based in India and as such all normal working days must be carried out in India.
Join us as a Data & Analytics Analyst, AVP
This is an opportunity to take on a purpose-led role in a cutting edge Data & Analytics team
You’ll be consulting with our stakeholders to understand their needs and identify suitable data and analytics solutions to meet them along with business challenges in line with our purpose
You’ll bring advanced analytics to life through visualisation to tell powerful stories and influence important decisions for key stakeholders, giving you excellent recognition for your work",3.9,"NatWest Group
3.9",Gurgaon,10000+ Employees,1727,Company - Public,Banking & Lending,Finance,$10+ billion (USD),0,6 , 14 ,10.0,"NatWest Group
",295,0,1,0,1
Machine Learning Engineer,Employer Provided Salary:₹7L - ₹15L,"We are looking for a passionate Machine Learning Engineer who will be responsible for adding machine learning based analytics features to our scalable SaaS products.
Job Details:
Job Title: Machine Learning Engineer
Experience Required: 2-6 years
Location: Baner, Pune / [Fully Remote]
Qualification: Bachelor’s degree in Computer Science, Engineering or related discipline
What we expect:",-1.0,Finarkein Analytics Pvt. Ltd.,Pune,-1,-1,-1,-1,-1,-1,1,7 , 15,11.0,Finarkein Analytics Pvt. Ltd.,-1,0,1,0,0
Data Science,₹3L - ₹19L (Glassdoor Est.),"India
Corporate services, infrastructure and facilities
Group Functions
Job Reference #
229109BR
City
Mumbai
Job Type
Full Time",3.9,"UBS
3.9",Mumbai,10000+ Employees,1862,Company - Public,Investment & Asset Management,Finance,$10+ billion (USD),0,3 , 19 ,11.0,"UBS
",160,0,1,0,0
Data scientist,₹2L - ₹7L (Glassdoor Est.),"Job Summary
Do you think working for a growing start-up is intriguing?
Is solving challenging problems in a fast-paced environment exciting to you?
Do you like wearing multiple (proverbial) hats?
Do you know the third, fourth and fifth decimal place for ?
Are you comfortable working with large and complex datasets?
If you answered “YES” to the above questions, read on …
Truview was founded to solve a key gap of services for e-commerce companies – we help ecommerce companies identify revenue growth opportunities and help save costs . Unlike larger firms that provide limited roles for every team member, we model our team so that every member gets to take a project from idea to execution. You get to wear many hats and get to be hands on for a variety of technology.",4.8,"Tru View
4.8",Mumbai,51 to 200 Employees,1995,Company - Private,Internet & Web Services,Information Technology,Unknown / Non-Applicable,0,2 , 7 ,4.5,"Tru View
",27,0,1,0,0
Machine Learning Intern,Employer Provided Salary:₹15T - ₹20T,"Key Responsibilities:

Understanding business objectives and developing models that help to achieve goals, along with metrics to track their progress
Verifying data quality, and/or ensuring it via data cleaning
Supervising the data acquisition process if more data is needed
Defining validation strategies
Defining the preprocessing or feature engineering to be done on a given dataset
Defining data augmentation pipelines
Training models and tuning their hyperparameters",4.9,"FullThrottle Labs
4.9",Bangalore,1 to 50 Employees,2018,Company - Private,Computer Hardware Development,Information Technology,Less than $1 million (USD),1,15 , 20,17.5,"FullThrottle Labs
",4,0,1,0,0
Data Analytics,Employer Provided Salary:₹6L - ₹14L,"We are Indias leading political consulting organization, dedicated to providing high quality professional support for political campaigns. In this capacity, we have been fortunate to be a part of the momentous election campaigns of 2014, 2019 and various other state elections. Our work includes envisioning and executing innovative electioneering campaigns, facilitating capacity building of grassroots cadre and shaping governance. We add professional aspects to the strengths of the scores of grassroots workers and ensure optimal electoral results.
We are a diverse group of dedicated individuals including former management consultants, lawyers, engineers, political theorists, public policy professionals and other people from varied sectors from premier institutes and corporates, with the unified objective of meaningfully contributing to the polity of the nation.
Data plays an important role in the work that we do here at Nation with Namo. We are looking for a data analyst who is keen on solving problems from first principles and provides insights and actionables to the team.",4.3,"Nation with NaMo
4.3",Delhi,201 to 500 Employees,0,Colleges & Universities,Education,Unknown / Non-Applicable,-1,1,6 , 14,10.0,"Nation with NaMo
",0,0,1,0,0
Junior Data Scientist Mentor,Employer Provided Salary:₹3L - ₹5L,"Training the students in online learning
doubt solvings
software Installation help
Helping them one on one difficult topics
assignment review and grading
Managing studnet LMS and Portfolio
Helping senior trainers in batch management
Notes and Assignments forming
Documentation
Creating Ppts and notes for students
Interview preparation help to students
Overall Objective is to make learners successful",-1.0,Success Arrow,Pune,-1,-1,-1,-1,-1,-1,1,3 , 5,4.0,Success Arrow,-1,0,1,0,0
Data Science Training,Employer Provided Salary:₹10T - ₹45T,"We are providing Traning for Data Science. After the training we will hire the candidates as performance wise.
After the training we will providing experience certificates and also we will provide some certifications.
We are looking for freshers candidates.
Both Male and Female Candidates can apply.
Job Types: Fresher, Internship, Full-time, Part-time
Salary: ₹10,000.00 - ₹45,000.00 per month",-1.0,Oracuz Infotech Pvt Ltd,Thiruvananthapuram,-1,-1,-1,-1,-1,-1,1,10 , 45,27.5,Oracuz Infotech Pvt Ltd,-1,0,1,0,0
Data Science Intern,Employer Provided Salary:₹7T,"Learn data science
data science with python
daily new assignment
trainer will provide
Job Types: Full-time, Internship
Contract length: 2 months
Salary: From ₹7,000.00 per month
Schedule:",5.0,"Paarsh Infotech
5.0",Nashik,Unknown,0,Unknown / Non-Applicable,-1,-1,-1,1,7,7,7.0,"Paarsh Infotech
",0,1,1,0,0
Data scientist,₹2L - ₹5L (Glassdoor Est.),"Roles and responsibilities:
1. Data processing, cleaning and validating the integrity of data to be used for analytics

2. Data extraction using valuable data sources

3. Perform initial investigation and exploratory data analysis

4. Analyzing large amount of data to find patterns and solution

5. Build predictive machine learning models using alogorithms like regression, tree based, boosting etc

6. Develop econometric and statistical models for various problems including projections, classification, clustering, pattern analysis, sampling, simulations, and so forth.

7. Propose solutions and strategies to tackle complex business problems",4.4,"ICICI Prudential Life
4.4",Mumbai,10000+ Employees,2001,Private Practice / Firm,Insurance Carriers,Insurance,$10+ billion (USD),0,2 , 5 ,3.5,"ICICI Prudential Life
",21,0,1,0,0
"Data Engineer, Machine Learning",Employer Provided Salary:₹2L - ₹3L,"We are looking Only Freshers candidates. B tech/ BE( Computer science Only please) MCA, ME, M Tech.
Must knowledge about Python.
Don't Apply if you don't have these degree.
Job Type: Full-time
Salary: ₹240,000.00 - ₹320,000.00 per year
Schedule:
Day shift",-1.0,Predictive Research,Bangalore,-1,-1,-1,-1,-1,-1,1,2 , 3,2.5,Predictive Research,-1,1,1,0,0
Data Science Intern,Employer Provided Salary:₹5T,"Working on python, sql and making technical documentation
Working on projects and developing part
Co ordinating with cleints on technical queirs
Helping team in developing new contents in ML
working on clouds like GCP, AWS and Azure.
candidates must be quick learner
Job Types: Full-time, Regular / Permanent
Salary: From ₹5,000.00 per month
Schedule:",-1.0,prwatech technologies,Pune,-1,-1,-1,-1,-1,-1,1,5,5,5.0,prwatech technologies,-1,1,1,1,0
Data Scientist,Employer Provided Salary:₹692.31 - ₹923.08 Per Hour,"required data science faculty on urgent basis .Interested call on 8264865747 as soon as possible.
Job Types: Full-time, Part-time, Regular / Permanent, Freelance, Volunteer, Fresher
Salary: ₹600.00 - ₹800.00 per hour
Benefits:
Flexible schedule
Schedule:
Flexible shift",-1.0,Pioneer Academy,Ludhiana,-1,-1,-1,-1,-1,-1,1,692.31 , 923.08 ,807.6949999999999,Pioneer Academy,-1,0,1,0,0
Data Scientist,Employer Provided Salary:₹80T,"JD for Data Scientist Responsibilities & Skills · PhD in Statistics, Math or Computer Science is preferred. Must have at least a Master degree with 5+ years of experience. · Excellent statistical analysis skills to identify patterns in data. This includes having a keen sense of pattern detection and anomaly detection. · Excellent understanding of machine learning techniques and algorithms, such as k-NN, · Naive Bayes, SVM, Decision Forests, etc. · Must be able to implement algorithms and statistical concepts to build predictive models. · In-depth experience with common data science tools such as TensorFlow, PyTorch or equivalent. · Proficient in programming with python, SQL and No-SQL databases; and data science libraries such as nltk, numpy, scipy and many others · Communicate with global English speaking teams. · Expertise in collaborating with multi-disciplinary teams of business analysts, data scientists, subject matter experts, and developers For more information Contact HR Ranjini 7760520330
Job Type: Full-time",-1.0,Trovech Infotech Pvt Ltd,Bangalore,-1,-1,-1,-1,-1,-1,1,80,80,80.0,Trovech Infotech Pvt Ltd,-1,1,1,1,1
Data Science Intern,Employer Provided Salary:₹9T - ₹18T,"data science interns assist data scientists in collecting, analyzing, and interpret data sets to drive optimization and improvement of product development. As a part of the company's trainees, data science interns are required to provide help in developing custom data models and algorithms to apply to data sets.
Job Type: Full-time
Salary: ₹9,172.50 - ₹17,778.69 per month
Schedule:
Monday to Friday
Ability to commute/relocate:",-1.0,Tanishq Enterprises pvt ltd,Pune,Unknown,0,Unknown / Non-Applicable,-1,-1,-1,1,9 , 18,13.5,Tanishq Enterprises pvt ltd,0,0,1,0,0
Data Scientist Climate Analytics,₹8L - ₹24L (Glassdoor Est.),"The Role:
The person on this role will focus on study of climate change impact on agriculture / wind / wildfire risk as part of WTW’s Climate and Resilience Hub (CRH), including:
Development and assessment of climate change impacts on key climate perils such as wind and wildfire, as well as on the agricultural sector.
Evaluation of wind / wildfire hazard profiles from scientific research and vendor models
Development of in-house qualitative and quantitative risk assessment tools/methodologies
The person will also be providing high quality consulting and technical services to our corporate and financial sector clients across the world, collaborating with colleagues across global hubs.",3.9,"WTW
3.9",Thāne,10000+ Employees,1828,Company - Public,Business Consulting,Management & Consulting,$10+ billion (USD),0,8 , 24 ,16.0,"WTW
",194,0,1,0,0
Data scientist - Lead,₹2L - ₹5L (Glassdoor Est.),"Roles and responsibilities:
1. Data processing, cleaning and validating the integrity of data to be used for analytics

2. Data extraction using valuable data sources

3. Perform initial investigation and exploratory data analysis

4. Analyzing large amount of data to find patterns and solution

5. Build predictive machine learning models using alogorithms like regression, tree based, boosting etc

6. Develop econometric and statistical models for various problems including projections, classification, clustering, pattern analysis, sampling, simulations, and so forth.

7. Propose solutions and strategies to tackle complex business problems",4.4,"ICICI Prudential Life
4.4",Mumbai,10000+ Employees,2001,Private Practice / Firm,Insurance Carriers,Insurance,$10+ billion (USD),0,2 , 5 ,3.5,"ICICI Prudential Life
",21,0,1,0,0
Artificial Intelligence Internship,Employer Provided Salary:₹12T,"About Company: Evolve Robot Lab is the India's first robot innovation lab for Robotics Engineering & Artificial Intelligence Solution.
Robotics research company"", with the grand vision to improve the quality of life in the very part of India with various deep tech solutions.
Who we are: Robotics start-up with young creative team based out of Madras, Tamilnadu We are making affordable robotics product for both industrial & military application.
Our Edu-Tech training facilitate to inspire & educate the next 10 million young generation of innovators, engineers, scientist & artists in the field of Robotics.
Our specialization :",-1.0,Evolve robot Lab,India,-1,-1,-1,-1,-1,-1,1,12,12,12.0,Evolve robot Lab,-1,0,1,0,0
A&A -Data Scientist - AI POD,₹3L - ₹14L (Glassdoor Est.),"Data Scientist
As a Data Scientist, you will be supporting the Data Science group and actively participating in all the processes of a data science project, including exploratory data analysis, feature generation and selection, model creation, and model optimization to boost performance and accuracy. It is important that the person in this role is proactive and independent. You should be a problem solver with an open mind and an eagerness to pick up new skills ranging from deeper statistical analysis and better modeling skills to honing programming and communication skills.
Specifically, you will be expected to:
Apply data science practices on your specific assigned workstreams; particularly:
o Perform exploratory data analysis to understand relationships and opportunities to influence outcomes",4.1,"Deloitte
4.1",Bangalore,10000+ Employees,1850,Company - Private,Accounting & Tax,Finance,$10+ billion (USD),0,3 , 14 ,8.5,"Deloitte
",172,0,1,0,0
Data Science Analyst (New Grad) - India UHR,₹6L - ₹23L (Glassdoor Est.),"Job Description
In Cisco, we have an outstanding opportunity where we actually get to use the technology we build!
We are Innovators
We drive innovation to propel business transformation while maintaining operational quality.
We are Accelerators
We accelerate digital solutions to generate cost savings and efficiency gains for enterprise growth and
success.
We are Transformers
As customer zero, we transform the customer experience by being our own customer first with agility, quality, and security, we continuously deliver business outcomes for our clients.

Who You'll Work With

OneX Strategy & Planning, Business Insights team provides flexible and innovative ways to help meet customer needs while improving profitability for Cisco.
The team has specialized domains in 2 broad areas that function seamlessly to enable business outcomes through analytics for Cisco.",4.4,"Cisco Systems
4.4",Bangalore,10000+ Employees,1984,Company - Public,Enterprise Software & Network Solutions,Information Technology,$10+ billion (USD),0,6 , 23 ,14.5,"Cisco Systems
",38,0,1,0,0
Data Scientist,Employer Provided Salary:₹80T,"Looking for a Machine Learning (ML) Engineer to help us create artificial intelligence products.
Machine Learning Engineer responsibilities include creating machine learning models and retraining systems. To do this job successfully, you need exceptional skills in statistics and programming. If you also have knowledge of data science and software engineering, we’d like to meet you. Your ultimate goal will be to shape and build efficient self-learning applications.
Responsibilities
Study and transform data science prototypes
Design machine learning systems
Research and implement appropriate ML algorithms and tools",-1.0,Niqx Informatics and Analysis Pvt Ltd,Mumbai,Unknown,0,Unknown / Non-Applicable,-1,-1,-1,1,80,80,80.0,Niqx Informatics and Analysis Pvt Ltd,0,0,1,0,0
Data Scientist,Employer Provided Salary:₹5L - ₹17L,"Minimum 2 years in Machine Learning
Hands on experience Python scripting,NLP,ML
Hands on experience in building Machine Learning and Artificial Intelligence models
Good knowledge on Exploratory Data Analysis (EDA)
Certification on Machine Learning (an advantage)
Hands on experience on platforms - Microsoft Azure/Amazon Web Services
Libraries – Numpy, Pands, Scikit learn, Seaborn, Matplotlib, Plotly, TensorFLow, OpenCV, NLTK, Count Vectorization, Tf-idf
Good understanding of the below models
Machine Learning Algorithms - Linear Regression, Logistic Regression, Decision Tree Classifier, Random Forest Classifier, Nave Bayes, Support Vector Machine
Unsupervised/Clustering algorithms – KNN, DBSCAN, Hierarchical
NLP models – BERT, RNN, LSTM, GRU
Deep Learning models for image classification – VGG16, ImageNet, ResNet, YOLO, Fast CNN",-1.0,GWC Technologies,Bangalore,-1,-1,-1,-1,-1,-1,1,5 , 17,11.0,GWC Technologies,-1,1,1,0,0
Experimentation Data Scientist - Chase,₹8L - ₹18L (Glassdoor Est.),"Data Scientist and Analytics

JPMorgan Chase is a leading global financial services firm with assets of over $1.1 trillion and operations in more than 50 countries. The firm is a leader in Investment Banking, Financial Services for consumers and businesses, financial transaction processing, asset and wealth management, and private equity. Under the JPMorgan and Chase brands, the firm serves millions of consumers in the United States and many of the world's most prominent corporate, institutional and government clients. Further information about J.P. Morgan is available at http://www.jpmorgan.com/ .

Description

JPMorgan Chase is expanding consumer business beyond the U.S. borders for the first time, beginning with a digital-only retail bank in the U.K. We are looking for commercially minded, customer focused, hands on data scientists, who want to be a part of building digital-only retail bank.",3.8,"JPMorgan Chase Bank, N.A.
3.8",Bangalore,10000+ Employees,1799,Company - Public,Banking & Lending,Finance,$10+ billion (USD),0,8 , 18 ,13.0,"JPMorgan Chase Bank, N.A.
",223,0,1,0,0
Intership for statistics / data science students - with stipend,₹6L - ₹10L (Glassdoor Est.),"The Datahut internship program provides students a hands-on experience working in the data industry. Datahut works on some of the challenging problems in the web data integration industry. We work with some of the largest companies on the planet, helping them get data for their operations. The marketing team at Datahut helps educate decision-makers at large enterprises through our content and creatives.

We're inviting students with an excellent understanding of statistics and data to work on some exciting data problems. If you have good pattern recognition skills and data analysis skills - you're most welcome.

We get a lot of applications, and we obviously need to filter people. Here is a test for you. You're given the pricing data of two brands, Adidas and Nike. The standard deviation of pricing for Adidas is ""x,"" and for Nike is ""3x"". How would you interpret the pricing data? Include your answer in the application as a cover letter. You're free to be as creative as you can.",4.6,"Datahut
4.6",Cochin,1 to 50 Employees,2015,Company - Private,Enterprise Software & Network Solutions,Information Technology,Unknown / Non-Applicable,0,6 , 10 ,8.0,"Datahut
",7,0,1,0,1
Data Science cource with placement opportunity,Employer Provided Salary:₹6L - ₹12L,"RSUNSTAR EDUCATIONAL ACADEMY
Welcomes students interested in Data science and Data Analytics cources with placement opportunity.
First You have to go through the 12 months of complete cource in which you will be getting benefits of Delivery of study materials to your home address, E-books, live 1 to 1 video classes with live doubt solving sessions by best faculty member, recorded lectures, cource completion certificate and 100% guaranteed job placement in top IT companies with salary package of 6LPA to 15LPA.
Only persons who are willing to take cource can apply for it either fresher or experience both are applicable. It's open to all fields like B.com, Bsc, BA, etc and no age Criteria.",-1.0,Rsunstar Educational Academy,Pune,-1,-1,-1,-1,-1,-1,1,6 , 12,9.0,Rsunstar Educational Academy,-1,0,1,0,0
Quant Analytics- Data and Analytics- Python,₹2L - ₹3L (Glassdoor Est.),"Job Overview

This is a unique opportunity for a highly skilled data scientist to have a meaningful impact on a large scale at one of America's leading financial services firms. In this role, you will join the Distribution and Geospatial Data Science team within CB Decision Sciences. This role will help continue driving optimization and growth across Chase's retail network which has grown tremendously over the last several years to serve customers across the contiguous 48 states. We're very proud of the work we do to make banking more accessible to communities and wouldn't have been able to do this without the people developing and executing upon analytic solutions across the firm.

In this role, you'll have the chance to leave your mark as part of a team that's working hard to deliver analytics solutions that will guide Chase's distribution network into its next phase of growth and optimization. From day one, you'll partner with teammates and stakeholders to deliver on high impact analytic initiatives that will support multi-million-dollar decisions. Initially this role will focus on partnering across Consumer and Community Banking to gather business requirements, perform data collection and exploration, provide analytic support for data and spatial science modeling efforts, and guide stakeholders on implementation and execution. You'll have the opportunity to work on analytic solutions from start to finish and will be able to see the impact of your work in near real time.",3.8,"JPMorgan Chase Bank, N.A.
3.8",Bangalore,10000+ Employees,1799,Company - Public,Banking & Lending,Finance,$10+ billion (USD),0,2 , 3 ,2.5,"JPMorgan Chase Bank, N.A.
",223,0,1,0,0
Data Scientist,₹5L - ₹14L (Glassdoor Est.),"Job Description:

JOB TITLE:- Data Scientist

WORK LOCATION:- Navi Mumbai

Key Responsibilities:
Should have strong hands-on experience in statistical/Predictive Modeling.
Should have strong hands-on experience in Data Preparation.",3.8,"AxionConnect
3.8",Mumbai,51 to 200 Employees,2011,Company - Private,Information Technology Support Services,Information Technology,Unknown / Non-Applicable,0,5 , 14 ,9.5,"AxionConnect
",11,0,1,0,0
Data Scientist,Employer Provided Salary:₹10L - ₹16L,"ROLES AND RESPONSIBILITIES * Work with stakeholders throughout the organization to identify opportunities for leveraging company data to drive business solutions. * Mine and analyze data from company databases to drive optimization and improvement of product development, marketing techniques and business strategies. * Assess the effectiveness and accuracy of new data sources and data gathering techniques. * Develop custom data models and algorithms to apply to data sets. * Use predictive modeling to increase and optimize customer experiences, revenue generation, ad targeting and other business outcomes. SKILLSET REQUIRED * Strong problem-solving skills with an emphasis on product development. * Experience using statistical computer languages (R, Python, SQL, etc.) to manipulate data and draw insights from large data sets. * Experience working with and creating data architectures. * Knowledge of statistical techniques and concepts is preferred (regression, properties of distributions, statistical tests and proper usage, etc.) and experience with applications. * Excellent written and verbal communication skills for coordinating across teams. * A drive to learn and master new technologies and techniques. CANDIDATE MUST HAVE * R, Python, SQL * Data architectures.",-1.0,Hellowork Technologies Pvt Ltd,Mumbai,Unknown,0,Unknown / Non-Applicable,-1,-1,-1,1,10 , 16,13.0,Hellowork Technologies Pvt Ltd,0,1,1,1,1
Deep Learning Intern,Employer Provided Salary:₹5L,"Selected intern's day-to-day responsibilities include:
1. Working on training & testing deep learning models
2. Fixing bugs linked with the training of models
3. Writing Python scripts
Job Type: Full-time
Salary: From ₹480,000.00 per year
Schedule:
Day shift
Ability to commute/relocate:",-1.0,AI Droid,Secunderābād,-1,-1,-1,-1,-1,-1,1,5,5,5.0,AI Droid,-1,1,1,0,0
Data Science Intern,Employer Provided Salary:₹10T,"Research and develop statistical learning models for data analysis
Collaborate with product management and engineering departments to understand company needs and devise possible solutions
Keep up-to-date with latest technology trends
Communicate results and ideas to key decision makers
Implement new statistical or other mathematical methodologies as needed for specific models or analysis
Optimize joint development efforts through appropriate database use and project design
effective python user
contact : 8149424263
rutuja",-1.0,inorbivict healthcare india pvt ltd,Pune,-1,-1,-1,-1,-1,-1,1,10,10,10.0,inorbivict healthcare india pvt ltd,-1,1,1,0,0
Data Analytics Associate,Employer Provided Salary:₹8L - ₹9L,"Hybrid Mode:

Job Description:

Collaborate closely with Finance associates to drive decisions via data and analytics. Responsible for developing solutions to Finances challenges by identifying the right data assets, tools, analytical models, and teams to deliver.
Transform raw data into impactful business insights, develop and optimize the data extraction, transformation and reporting process
Support work on cross-functional projects using advance modelling & analytics techniques, develop and maintain machine learning models and solutions.",3.5,"Orcapod
3.5",Hyderābād,201 to 500 Employees,2010,Company - Private,Business Consulting,Management & Consulting,Unknown / Non-Applicable,1,8 , 9,8.5,"Orcapod
",12,0,1,0,0
CCB- Data & Analytics- Data Scientist (Sales Science) - Associate,₹8L - ₹18L (Glassdoor Est.),"This role is a Associate position within the Chase Strategy and Capabilities Analytics function, which will specialize in analyzing the effectiveness of key front-line technology and emerging capabilities for the bankers and financial advisors in the over 5,000 Chase branches. The ideal candidate must be able to operate in a collaborative environment and will require you to engage with a variety of partners to socialize and move forward all Sales initiatives.
Responsibilities include:

Develop the goals and execution of strategic initiatives
Support partnership with key Stakeholders with strong understanding of underlying data
Research, develop and implement new methods of measuring and analyzing data sets and processes",3.8,"JPMorgan Chase Bank, N.A.
3.8",Bangalore,10000+ Employees,1799,Company - Public,Banking & Lending,Finance,$10+ billion (USD),0,8 , 18 ,13.0,"JPMorgan Chase Bank, N.A.
",223,0,1,0,0
Data Scientist,Employer Provided Salary:₹5L - ₹8L,"Hi,We are hiring for one of my client,eligible students can apply.
Job Location : Madhapur,Hyd.
Qualification: Any degree with good communication skills.
Required Skills: Python,Datascience
Job Type: Full-time
Salary: ₹500,000.00 - ₹800,000.00 per year
Schedule:
Day shift",-1.0,Stackapps IT Services Pvt Ltd,Hyderābād,-1,-1,-1,-1,-1,-1,1,5 , 8,6.5,Stackapps IT Services Pvt Ltd,-1,1,1,0,0
Data Science Analyst,Employer Provided Salary:₹25L - ₹28L,"Hiring for Fortune 500 Firm and Client of Searchends
From 3 to 8 year(s) of experience
₹ 25,00,000 - 27,50,000 P.A.
Bangalore/Bengaluru
Job Description

Roles and Responsibilities
As a HR Decision Science Analyst in the Global People Analytics team, you will help to bring analytics and solution delivery to the next level through the utilization of appropriate decision/data science methodologies, excellent stakeholder management, the right problem formulation and providing innovative solutions. You will solve challenging problems across various HR domains. You will work on strategic initiatives by understanding the market landscape and testing best in class analytical solutions.",-1.0,SearchEnds,Bangalore,-1,-1,-1,-1,-1,-1,1,25 , 28,26.5,SearchEnds,-1,0,1,0,1
Data Scientist,₹2L - ₹7L (Glassdoor Est.),"Location : Mumbai
Experience : 1 to 2 Years
Description :
Work on model development, model training, face recognition, image recognition, sound classification, deep learning, and writing algorithms
Work on the data processes, machine learning, and artificial intelligence development using different tools
Candidates must have knowledge of Deep Learning and Computer Vision (OpenCV), and automation algorithms
Must have knowledge of Python",3.8,"Trium Info
3.8",Mumbai,1 to 50 Employees,0,Unknown / Non-Applicable,-1,-1,-1,0,2 , 7 ,4.5,"Trium Info
",0,1,1,0,0
Global Medical Data Scientist,₹21L - ₹37L (Glassdoor Est.),"Site Name: Bengaluru Luxor North Tower
Posted Date: Nov 8 2022

Ready to help shape the future of healthcare?
Uniting science, technology, and talent to get ahead of disease together
GSK is a global biopharma company with a special purpose – to unite science, technology and talent to get ahead of disease together – so we can positively impact the health of billions of people and deliver stronger, more sustainable shareholder returns – as an organisation where people can thrive. Getting ahead means preventing disease as well as treating it, and we aim to impact the health of 2.5 billion people around the world in the next 10 years.
Our success absolutely depends on our people. While getting ahead of disease together is about our ambition for patients and shareholders, it’s also about making GSK a place where people can thrive. We want GSK to be a place where people feel inspired, encouraged and challenged to be the best they can be. A place where they can be themselves – feeling welcome, valued and included. Where they can keep growing and look after their wellbeing. So, if you share our ambition, join us at this exciting moment in our journey to get Ahead Together.",4.0,"GSK
4.0",Bangalore,10000+ Employees,1830,Company - Public,Biotech & Pharmaceuticals,Pharmaceutical & Biotechnology,$10+ billion (USD),0,21 , 37 ,29.0,"GSK
",192,0,1,0,0
Data Scientist,₹2L - ₹6L (Glassdoor Est.),"JOB DESCRIPTION
Job title: Data Scientist
Department: Student Services
Purpose
We are looking for a Data Scientist to analyse large amounts of raw data to find patterns to improve our existing platform and provide a better student experience. We will rely on you to build data products to extract valuable business insights.
In this role, you should be highly analytical with a knack for analysis, math and statistics. Critical thinking and problem-solving skills are essential for interpreting data. We also want to see a passion for machine-learning and research.
Responsibilities
Skills and Qualifications
Comfort working in a dynamic, research-oriented group with several ongoing concurrent projects",3.6,"Shri Vile Parle Kelavani Mandal
3.6",Mumbai,1 to 50 Employees,0,Unknown / Non-Applicable,-1,-1,-1,0,2 , 6 ,4.0,"Shri Vile Parle Kelavani Mandal
",0,0,1,0,0
Data Scientist- Director,₹9L - ₹28L (Glassdoor Est.),"Data Scientist- Director
Job Number:
3222340
POSTING DATE: Nov 15, 2022
PRIMARY LOCATION: Non-Japan Asia-India-Maharashtra-Mumbai (MSA)
EDUCATION LEVEL: Bachelor's Degree
JOB: Other
EMPLOYMENT TYPE: Full Time
JOB LEVEL: Director
DESCRIPTION",4.0,"Morgan Stanley
4.0",Mumbai,10000+ Employees,1935,Company - Public,Investment & Asset Management,Finance,$10+ billion (USD),0,9 , 28 ,18.5,"Morgan Stanley
",87,0,1,0,0
Machine Learning Engineer,Employer Provided Salary:₹8T,"This job is for final year students, freshers or candidates with a maximum of 1 year of experience. The ideal candidate will be responsible for creating machine learning models and retraining systems.
To do this job successfully, you need exceptional skills in statistics and programming.
RESPONSIBILITIES
Study and transform data science prototypes
Design machine learning systems
Research and implement appropriate ML algorithms and tools
Develop machine learning applications according to requirements",-1.0,XIRCLS,Mumbai,-1,-1,-1,-1,-1,-1,1,8,8,8.0,XIRCLS,-1,0,1,0,0
Data Scientist/Machine Learning,Employer Provided Salary:₹10L - ₹50L,"Data Scientist
Permanant WFH
Strong fundamentals in statistics, mathematics, and ML algorithms (neural networks, tree-based methods, optimizers, super/unsupervised learning, feature engineering)
Comfortable programming (but perhaps stronger stats/math/ML-applications), very comfortable debugging model & data pipelines.
- Strong attention to details - Drives projects forward. Clearly communicates blockers, next steps.
Very comfortable with Python, standard ML/AI frameworks & packages (TensorFlow, XGBoost, Scikit-learn, Pandas, Numpy)",4.6,"Alpha Net Consulting
4.6",India,201 to 500 Employees,2001,Company - Private,Information Technology Support Services,Information Technology,$25 to $50 million (USD),1,10 , 50,30.0,"Alpha Net Consulting
",21,1,1,0,0
Data Scientist (Analyst),₹2L - ₹10L (Glassdoor Est.),"Data Scientist (Analyst)
Location: Gurugram/Mumbai

Job Type: Full time
Experience: 0-2 years
Why would you like to join us?
TransOrg Analytics, an award winning - Big Data and Predictive analytics- company, offers advanced analytics solutions to industry leaders and Fortune 500 companies across India, US, UK, Singapore and the Middle East. Our products - Clonizo' (customer cloning) have yielded significant incremental benefits to our clients. We have been recognized by the CIO Review magazine as the - Predictive Analytics Company of the Year- and by TiE for excellence in entrepreneurship.",2.8,"Transorg Analytics
2.8",Mumbai,51 to 200 Employees,0,Business Consulting,Management & Consulting,Unknown / Non-Applicable,-1,0,2 , 10 ,6.0,"Transorg Analytics
",0,0,1,0,1
Looking for Data Scientist for Evalueserve,Employer Provided Salary:₹16L,"About Evalueserve
Evalueserve was founded in 2000 and is a global professional services provider offering research, analytics, and data management services. We’re powered by mind+machineTM, a unique combination of human expertise and best-in-class technologies that use smart algorithms to simplify key tasks. We work with clients across a wide range of industries and business ions, helping them to make better decisions faster and reach new levels of efficiency and effectiveness.
Why choose us:
We have our headquarters in Switzerland and have a global presence in over 17 locations including in the",4.0,"Evalueserve
4.0",Bangalore,1001 to 5000 Employees,2000,Company - Private,Business Consulting,Management & Consulting,Unknown / Non-Applicable,1,16,16,16.0,"Evalueserve
",22,0,1,0,0
Data Scientist,Employer Provided Salary:₹12T,"Responsibilities and Duties
Will be responsible to model high frequency data (microseconds/seconds level) for trading in markets.
Will be responsible for conducting the entire research cycle on very large sets of historical market data for optimization and new strategy development.
Will also be responsible for designing, debugging, improving and finally creating production ready nets.
Required Skill Set:
Experience of working with deep learning models. Proficiency in any of data science language (e.g. Python, R).",-1.0,Renew Instruments,Mumbai,-1,-1,-1,-1,-1,-1,1,12,12,12.0,Renew Instruments,-1,1,1,0,0
Freelance Data Scientist Trainer,Employer Provided Salary:₹5L - ₹7L,"Interest in teaching with ability to explain complex things in simple language
- Minimum 2-3 years experience in data science
- Extensive experience in applied work with Excel/Google Sheets, Python, Tableau, SQL,
Statistics
- You understand why analysts need statistics and where it is used (in the course we go through topics such as: a / b testing and linear regression)
- Ability to be online during the day
- Flexibility and willingness to accept feedback
- Great written communication skills
- Advanced English proficiency
- Part Time/Full Time/Contract
Responsibilities:
- Answer students' (Who are working professionals) academic questions in written format on
Slack (based on the course materials or general questions about a data analyst's work) up to during a day
- Help with completing assignments or understanding a topic
- Conduct 1-1 sessions and webinars with the students
- Review and assess homework/projects
- React to the feedback from students and make recommendations for improving the course based on feedback from students
- QA of the course content
-- Always open to feedback
-- Should be empathetic and patient towards students",-1.0,Success Arrow,Pune,-1,-1,-1,-1,-1,-1,1,5 , 7,6.0,Success Arrow,-1,1,1,1,1
Jr. / Sr. Data Scientist,Employer Provided Salary:₹15L - ₹25L,"Desired Candidate Profile
A Master s or higher degree in Computer Science, Statistics, Mathematics, or related disciplines
4-8 years experience with ETL ,data processing , data programming and data analytics
Experience with Big Data processing (Spark/Bigquery / Hive/ Hadoop/ HDFS)
Experience of R, SQL and Python
Experience of working with tools over AWS / Azure on big data analysis.
Experience in data mining and statistical analysis
Proficiency in machine learning algorithms such as decision trees, support vector machines,  Gradient Boosting Machines (GBM), Random Forest, Regularized regression models, time series forecasting, anomaly detection etc.  Strong understanding of probability and statistical models (generative and descriptive models)  Experience in pattern recognition and predictive modelling  Understanding of machine-learning and operations research  Ability to run experiments scientifically and analyze results.  Understanding of machine-learning and operations research.  Ability to effectively communicate technical concepts and results to business audiences in a comprehensive manner.  Experience with Performance Engineering including testing, tuning, and monitoring tools will be add on",-1.0,CMS,Mumbai,-1,-1,-1,-1,-1,-1,1,15 , 25,20.0,CMS,-1,1,1,1,0
DATA SCIENCE,Employer Provided Salary:₹10T - ₹30T,"Educational Qualification
Any Graduate
Job Designation
Data Science Trainer
Job Responsibilities
Work with stakeholders throughout the organization to identify opportunities for leveraging company data to drive business solutions.
Scraping and analyze data from company databases to drive optimization and improvement of product development.",-1.0,Infowiz Software Solution,India,-1,-1,-1,-1,-1,-1,1,10 , 30,20.0,Infowiz Software Solution,-1,0,1,0,0
Data Scientist,Employer Provided Salary:₹15L - ₹20L,"1. Responsible for designs and development of enterprise-wide Data Science/Data Analytics applications using Python and SQL.
2. Responsible for participating in all stages of the development life cycle including requirements analysis, design, development, testing, and implementation.
3. Coordinates with US software architects for overall design and standards
4. Coordinates with US business stakeholders to ensure requirements are being met
5. Should be adaptable to US time zone whenever required to have meetings with onshore counterparts.
6. Deep experience working on Agile teams and extensive familiarity with all Agile ceremonies.",4.3,"MNR Solutions
4.3",Noida,51 to 200 Employees,2007,Company - Private,HR Consulting,Human Resources & Staffing,Unknown / Non-Applicable,1,15 , 20,17.5,"MNR Solutions
",15,1,1,1,0
Data Scientist,₹18L - ₹32L (Glassdoor Est.),"Looking for a hands-on and passionate Data-Scientist to design & build large-scale Predictive and Prescriptive solution(s) that are expected to provide meaningful pro-active business insights in Construction Tech Analytics software, thereby helping save $$$ to Oracle customers !
Key Competencies: Hands-on model building for Data Science, NLP & Computer Vision problems. The ideal candidate understands human behavior and knows what to look for in the data, and can work closely with the engineering and product management teams to solve complex problems with unique data, analysis, algorithms, and insights, and is expected to build and lead a team around these competencies. We are looking for the following Key skills and Educational Qualifications & Industry experience levels:
Role:





Design, develop, troubleshoot and debug software programs for databases, applications, tools, networks etc.

As a member of the software engineering division, you will take an active role in the definition and evolution of standard practices and procedures. You will be responsible for defining and developing software for tasks associated with the developing, designing and debugging of software applications or operating systems.

Work is non-routine and very complex, involving the application of advanced technical/business skills in area of specialization. Leading contributor individually and as a team member, providing direction and mentoring to others. BS or MS degree or equivalent experience relevant to functional area. 7 years of software engineering or related experience.",3.9,"Oracle
3.9",Bangalore,10000+ Employees,1977,Company - Public,Enterprise Software & Network Solutions,Information Technology,$10+ billion (USD),0,18 , 32 ,25.0,"Oracle
",45,0,1,0,0
Data Scientist,Employer Provided Salary:₹15T - ₹30T,"Edureka Learning Center, Satellite, Ahmedabad
Looking for python, tensorflow, Keras, tableau Training Course Faculty
4 months batch / 2 Hours Daily
Hourly Pay / Monthly Pay / Per batch Pay
Learning Course Material is online
Faculty required for Query /Doubt solution / Fundamentals Clarity
Part time / Hourly / Full Time all options available
Job Types: Full-time, Part-time",-1.0,Edureka Learning Center -Ahmedabad,Ahmedabad,-1,-1,-1,-1,-1,-1,1,15 , 30,22.5,Edureka Learning Center -Ahmedabad,-1,1,1,0,0
Machine Learning - CONSULTANT,₹34L - ₹52L (Glassdoor Est.),"Publish Date:
Nov 11, 2022

Location:
Pune, Maharashtra, IN, 411045

Company:
Atos

About Atos

Atos is a global leader in digital transformation with 107,000 employees and annual revenue of over € 11 billion. European number one in cybersecurity, cloud and high performance computing, the Group provides tailored end-to-end solutions for all industries in 71 countries. A pioneer in decarbonization services and products, Atos is committed to a secure and decarbonized digital for its clients. Atos is a SE (Societas Europaea), listed on Euronext Paris and included in the CAC 40 ESG and Next 20 Paris Stock indexes.

The purpose of Atos is to help design the future of the information space. Its expertise and services support the development of knowledge, education, and research in a multicultural approach and contribute to the development of scientific and technological excellence. Across the world, the Group enables its customers and employees, and members of societies at large to live, work and develop sustainably, in a safe and secure information space.

Description - Machine Learning Engineer who has worked on building and deploying machine learning solutions at scale and the person should have hands-on experience in writing effective and scalable python code.

Role & Responsibilities –

Responsible for designing , implementation, optimization of end to end AI/ML usecases

Responsible for industrialization of the ML Models with all the best practices.

Develop and deploy architectures through product engineering and existing model deployment tools.

Establish and implement engineering excellence guidelines for the team.

Hands-on development on Machine Learning code and collaborate with Data Scientists to optimize ML models for high throughput and low-latency use cases

Work in microservices architecture implementation.

Work with our AI platform and feature teams to help them successfully integrate the python codes and ML models

Build tools and automation to improve systems availability, reliability, performance, monitoring and scalability.

Integrate ML model training, inferencing into Data pipelines.


Excellent hands on coding skills on Python and basics of Pyspark.

Experience in Azure data lake, Blob storage, SQL or any database etc.

Knowledge about Azure Kubernetes Services would be added advantage

Good to have knowledge in creating the RESTful services in python using Flask/Django or any similar framework

Knowledge source code management tools (git)

Always ready to learn more and adopt new cutting edge technology with right value proposition.

Desired Candidate Profile

Work Experience - 5 to 8 Years

Work Location - Pune

Must Have - Machine Learning & Python

Engineering or similar quantitative field

Here at Atos, we want all of our employees to feel valued, appreciated, and free to be who they are at work. Our employee lifecycle processes are designed to prevent discrimination against our people regardless of gender identity or expression, sexual orientation, religion, ethnicity, age, neurodiversity, disability status, citizenship, or any other aspect which makes them unique. Across the globe, we have created a variety of programs to embed our Atos culture of inclusivity, and work hard to ensure that all of our employees have an equal opportunity to contribute and feel that they are exactly where they belong.",3.7,"Atos
3.7",Pune,10000+ Employees,1997,Company - Public,Information Technology Support Services,Information Technology,$10+ billion (USD),0,34 , 52 ,43.0,"Atos
",25,1,1,1,1
Data Scientist,₹3L - ₹11L (Glassdoor Est.),"Location: Asia Pacific, India, Bangalore
Ref: DETECTIONAPAC00945
Division: Smiths Detection
Job Function: Research Development
About Us
SMITHS DETECTION MAKING THE WORLD A SAFER PLACE
Every minute of every day, in nearly every country across the globe, Smiths Detection people and technology make the world a safer place. We safeguard people, business and infrastructure with the latest innovations and screening technology for aviation, ports, borders, defense, and security.",3.5,"Smiths Group
3.5",Bangalore,51 to 200 Employees,2000,Company - Private,Restaurants & Cafes,Restaurants & Food Service,Unknown / Non-Applicable,0,3 , 11 ,7.0,"Smiths Group
",22,0,1,0,0
Data Scientist,₹7L - ₹15L (Glassdoor Est.),"Introduction
As a Data Scientist at IBM, you will help transform our clients’ data into tangible business value by analyzing information, communicating outcomes and collaborating on product development. Work with Best in Class open source and visual tools, along with the most flexible and scalable deployment options. Whether it’s investigating patient trends or weather patterns, you will work to solve real world problems for the industries transforming how we live.

Your Role and Responsibilities
As a Data Scientist at IBM, you will help transform our clients’ data into tangible business value by analyzing information, communicating outcomes and collaborating on product development.
Work with Best in Class open source and visual tools, along with the most flexible and scalable deployment options. Whether it’s investigating patient trends or weather patterns, you will work to solve real world problems for the industries transforming how we live.",4.1,"IBM
4.1",Bangalore,10000+ Employees,1911,Company - Public,Information Technology Support Services,Information Technology,$10+ billion (USD),0,7 , 15 ,11.0,"IBM
",111,0,1,0,0
Forecasting Analyst/ Data Scientist,₹3L - ₹19L (Glassdoor Est.),"Job description
Roles and Responsibilities
The person will be the Point of Contact for forecasting and budget planning
Updates the forecast with monthly / weekly actual data and suggested improvements based on trend analysis
Refines forecasting scenarios and generates final forecast
Refines and capture data to be used as an input to the models
Designs and develops forecasting scenarios
Generate short term forecasts, incorporating business impacts",3.8,"Locus IT Services
3.8",Bangalore,51 to 200 Employees,2007,Company - Private,Information Technology Support Services,Information Technology,Unknown / Non-Applicable,0,3 , 19 ,11.0,"Locus IT Services
",15,0,1,0,0
Data Science Trainer,Employer Provided Salary:₹12L,"Experience
Minimum 4+ Years of experience in machine learning & data analytics.
Expert knowledge in Python, Statistics, Machine Learning, Artificial Neural Networks, Convolutional Neural Networks, Recurrent Neural Networks, and NLP.
Very good knowledge of Django/Flask, SQL, and TABLEAU is preferable.
Deployment on AWS/GCP/Azure is preferable.
Real-Time experience of working on Data Science (ML, DL & NLP) Projects is mandatory.
Methodical and Aggressive learner.
Roles & Responsibilities:",-1.0,Innomatics Research Labs,Hyderābād,-1,-1,-1,-1,-1,-1,1,12,12,12.0,Innomatics Research Labs,-1,1,1,1,0
Deputy Manager_Assistant Lead_Data Science_GBIS-PUNe,₹6L - ₹8L (Glassdoor Est.),"Description
The Big Data Analyst assists in proving actionable insights through analyses of large structured and unstructured datasets from unrelated sources. They ensure the delivery of future predictions based on previous data patterns to provide solutions to business problems and requirements.The Big Data Analyst assists business decisions using data science and statistical analysis through the wide ranges of data available to them, ensuring scalability in order to deliver the Big Data strategy and achieve business objectives.Typically reports to the Big Data Analytics Manager.
Demonstrates deep understanding of modelling techniques, algorithms and being able to tune, modify and implement changes to address different business questions;
Provides deep technical analytical and data expertise to the business and other Data Scientists, using a wide variety of available data, to solve complex business problems;",4.0,"Vodafone
4.0",Pune,10000+ Employees,1982,Company - Public,"Cable, Internet & Telephone Providers",Telecommunications,$10+ billion (USD),0,6 , 8 ,7.0,"Vodafone
",40,0,1,0,0
Data Science,₹4L - ₹14L (Glassdoor Est.),"Responsibilities
• Anchor ML development track in a client project • Data collection, profiling, EDA & data preparation • AI Model development, experimentation, tuning & validation • Present findings to business users & project management teams • Propose ML based solution approaches & estimates for new use cases • Contribute to AI based modules in Infosys solutions development • Explore new advances in AI continuously and execute PoCs • Mentoring – guide junior team members & evangelize AI in organization
Additional Responsibilities:
• Good verbal & written communication skills – articulate value of AI to business, project managers & other team members • Ability to break complex problem into smaller problems and create hypothesis • Innovation and experimentation
Technical and Professional Requirements:
• Programming: Python, R, SQL • ML algorithms: o Statistical ML algorithms o Deep Neural Network architectures o Model ensembling o Generative AI models o ML for Responsible AI • AI domains - NLP, speech, computer vision, structured data • Learning patterns – supervised, unsupervised, reinforcement learning • Tools for data analysis, auto ML, model deployment & scaling • Knowledge of datasets, pre-built models available in open community and 3rd party providers • Knowledge of software development & architectures • Knowledge of hyperscalers & their AI capabilities – Azure, AWS, GCP
Preferred Skills:
Python,Artificial Intelligence->Python ML,Machine Learning->Data Science,Artificial Intelligence->NLP Deep Learning Algorithms,Bigdata->Pyspark
Educational Requirements
Bachelor of Engineering",3.9,"Infosys Limited
3.9",Bangalore,10000+ Employees,1981,Company - Public,Information Technology Support Services,Information Technology,$10+ billion (USD),0,4 , 14 ,9.0,"Infosys Limited
",41,1,1,1,0
NLP Research Intern,Employer Provided Salary:₹15T - ₹20T,"As a member of the NLP Research group, you will work on challenging research problems that have a concrete impact on exciting real-world applications.
Looking for candidates with
- strong mathematical background in natural language processing
- knowledge of python, pandas, BERT, LSTM
- build and train neural networks
- able to work independently
Job Types: Full-time, Regular / Permanent",-1.0,Santa Fe Research Pvt Ltd,Chennai,-1,-1,-1,-1,-1,-1,1,15 , 20,17.5,Santa Fe Research Pvt Ltd,-1,1,1,0,0
Data Scientist,₹6L - ₹18L (Glassdoor Est.),"Introduction
Software Developers at IBM are the backbone of our strategic initiatives to design, code, test, and provide industry-leading solutions that make the world run today - planes and trains take off on time, bank transactions complete in the blink of an eye and the world remains safe because of the work our software developers do. Whether you are working on projects internally or for a client, software development is critical to the success of IBM and our clients worldwide. At IBM, you will use the latest software development tools, techniques and approaches and work with leading minds in the industry to build solutions you can be proud of.

Your Role and Responsibilities
We are looking for Software Developers responsible for the development, design and implementation of Enterprise Software Applications for IBM. Typically sitting within the engineering team, a Software Developer will be involved in liaising with the Business Analysts, Offering managers and Delivery Managers to ensure software projects meet requirements. We use a number of open source tools and technologies in the development of our applications that are deployed on public cloud.
Who are you:
As Build Labs Team Data Scientist, you will support the creation of cloud applications that work smarter and more effectively by infusing data science workflows to extract business insights from data. These insights will drive increased value – for many of the biggest and most complex ISV partner applications. You will work with a team of engineers with expertise in industry-leading Cloud platforms and technologies to implement these transformations.

To succeed, you will become a trusted collaborator with ISV partner developers and data scientists as they move their technologies and offerings to IBM software solutions across multi-cloud platforms. You will have an opportunity to consult and provide guidance to ISV partners as they integrate their products, services and offerings to IBM software solutions across multi-cloud platforms.
This role will interface with marketing, expert services, development, other IBM delivery organizations and business development leaders to ensure successful outcomes. Candidates must be comfortable working in a dynamic and rapidly evolving agile work environment.
This is an opportunity for you to help IBM and external partners succeed in growing cloud presence.

:",4.1,"IBM
4.1",Ahmedabad,10000+ Employees,1911,Company - Public,Information Technology Support Services,Information Technology,$10+ billion (USD),0,6 , 18 ,12.0,"IBM
",111,0,1,0,0
Data Scientist,Employer Provided Salary:₹4L - ₹7L,"ASSOCIATE DATA SCIENTIST
JOB DESCRIPTION :
Job Role and Summary :
We are Leaz - looking for a Associate Data Scientist to analyze large amounts of raw information to find patterns that will help improve our company. We will rely on you to build data products to extract valuable business insights. In this role, you should be highly analytical with a knack for analysis, math and statistics. Critical thinking and problem- solving skills are essential for interpreting data. We also want to see a passion for machine-learning and research. Your goal will be to help our company analyze trends to make better decisions.
A. Duties and Responsibilities :",-1.0,LEAZ EDUTECH OPC PVT LTD,New Delhi,-1,-1,-1,-1,-1,-1,1,4 , 7,5.5,LEAZ EDUTECH OPC PVT LTD,-1,0,1,0,0
DATA SCIENCE TRAINER,Employer Provided Salary:₹20T - ₹50T,"Mobile No- 8591614155
POSITION TITLE- DATA SCIENCE TRAINER
KEY RESPONSIBILITIES-Perform following jobs
Teach PYTHON programming , machine learning and AI
COMPETENCIES/SKILLS-
Good knowledge in python , machine learning, Data Manipulation and Analysis, Programming knowledge
Qualification-",3.4,"Nettech India
3.4",Thāne,1 to 50 Employees,0,Unknown / Non-Applicable,-1,-1,-1,1,20 , 50,35.0,"Nettech India
",0,1,1,0,0
Data Scientist,₹16L - ₹22L (Glassdoor Est.),"Company Description

Meet slice - the simplest way to pay!
We are a one-stop payment app for all your spending needs. Our goal is to make money management simpler & faster for you. We provide an easy & transparent app to help our members transact seamlessly using card or UPI and manage all their spends at one place. We have 12Mn+ registered members with an average age of 27, making us a market leader for the Gen-Z and millennials.
Oh, btw, our users get up to 2% cashback on all card spends and enjoy new offers every week with spark. They can also scan & pay in a flash and easily send money to friends using slice UPI.
We are backed by leading investors such as Tiger Global, Insight partners, Advent International, Blume Ventures, and Gunosy Capital.",3.4,"slice
3.4",Bangalore,501 to 1000 Employees,2010,Company - Private,Internet & Web Services,Information Technology,Unknown / Non-Applicable,0,16 , 22 ,19.0,"slice
",12,0,1,0,0
CCB_Data and Analytics- Quant Analytics (Data Science) - Associate,₹8L - ₹18L (Glassdoor Est.),"601- Business Analyst I

J.P. Morgan is a leading global financial services firm, established over 200 years ago.

We are the leader in investment banking, financial services for consumers and small businesses, commercial banking, financial transaction processing, and asset management.
We have assets of $2.5 trillion and operations worldwide
we operate in more than 100 markets.
We have more than 243,000 employees globally.
Our wholesale businesses include J.P. Morgan's Asset Management, Commercial Banking and the Corporate & Investment Bank which provide products and services to corporations, governments, municipalities, non-profits, institutions, financial intermediaries and high-net worth individuals and families.
Our corporate functions support the entire organization and include the following functions: Accounting, Audit, Finance, Human Resources, Operations, and Technology.
J.P. Morgan in India provides a comprehensive range of Corporate & Investment Banking, Commercial Banking, Asset & Wealth Management, and corporate functions services and solutions to our clients, executing some of the most important financial transactions and providing essential strategic advice to our clients such as the government, large domestic and multi-national corporations, non-government organizations and financial institutions and investors. India is a key market for JPMorgan Chase globally and our employees in India are a critical part of how we do business globally and are integrated within our businesses. Our Global Service Centers (GSCs) are strategically positioned in Mumbai, Bangalore and Hyderabad to support the firm's operations regionally and globally. The centers provide comprehensive strategic support across technology and business operations processing to all lines of business and the corporate functions.
The Consumer Banking Specialist is responsible for providing timely resolutions to our Consumer and Community Banking customer's queries. They will connect with our customers through inbound/outbound calls regarding transactions on their accounts such as payments, loans, charges/fees, interest rates, rewards and other issues.

""JPMorgan Chase & Co. (NYSE: JPM) is a leading global financial services firm with assets of $2.5 trillion and operations worldwide. The firm is a leader in investment banking, financial services for consumers and small business, commercial banking, financial transaction processing, and asset management. A component of the Dow Jones Industrial Average, JPMorgan Chase & Co. serves millions of consumers in the United States and many of the worlds most prominent corporate, institutional and government clients under its J.P. Morgan and Chase brands. Information about JPMorgan Chase & Co. is available at www.jpmorganchase.com.

Data Scientist required for Home Lending Data & Analytics, supporting key strategic business priorities across HL Origination with 5+ years of experience in AI/ML model development & maintainence.",3.8,"JPMorgan Chase Bank, N.A.
3.8",Bangalore,10000+ Employees,1799,Company - Public,Banking & Lending,Finance,$10+ billion (USD),0,8 , 18 ,13.0,"JPMorgan Chase Bank, N.A.
",223,0,1,0,0
Data Engineer (Python data science)- Contract Staff,Employer Provided Salary:₹3L - ₹8L,"Position: Data Engineer (Python data science libraries)- Contract Staff
Location: Remote, Pune
Experience: 1-3 year
Industry: IT
· Well versed with Python data science libraries ( Pandas, Numpy, Spacy etc)
· Understanding of at-least 1 Python web framework ( Django, Flask, FastAPI etc.)
· Comfortable with relational & No SQL databases (exposure to Graph DBs a plus)
· Solid mathematical concepts in statistics and statistical learning",5.0,"Glan Solutions
5.0",Pune,1 to 50 Employees,2009,Company - Private,HR Consulting,Human Resources & Staffing,Unknown / Non-Applicable,1,3 , 8,5.5,"Glan Solutions
",13,1,1,1,0
Data Science,₹4L - ₹18L (Glassdoor Est.),"Requirements: Should have a Bachelor/Masters degree in Computer Science or Engineering or Statistics around 4 plus experience in Data Scientist
Strong working experience in Predictive, Prescriptive analytics, Natural Language Processing and Deep Learning
Sound knowledge of statistics(Distributions and Statistical Testing) and machine learning Machine learning programming experience in languages such as Python, R, Java and Scala
Experience with data visualization tools, such as Tableau
Experience on Cloud ML(AWS/Azure ML) Excellent communication skills

Responsible for: To execute proof of concepts and implement projects in Analytics using Statistical and Optimization techniques for deriving business insights with measurable success .",-1.0,sonataOne,Bangalore,Unknown,0,Information Technology Support Services,Information Technology,Unknown / Non-Applicable,-1,0,4 , 18 ,11.0,sonataOne,0,1,1,0,1
Data Scientist,₹3L - ₹9L (Glassdoor Est.),"Job Responsibilities
Bachelor’s Degree in the fields of Statistics or an equivalent with a minimum of 3 years of experience in data science.
Should be able to interpret complex requirements and translate them to a machine learning algorithm.
Should have expertise in machine learning techniques: Regression, Classifications, Decision Trees, Random Forest.
Should have expertise in Deep Learning & Reinforcement Learning techniques
Should have experience in building statistical models using the above-mentioned techniques
Should possess the ability to build & deploy the models and interpret the results to business users",4.5,"Paktolus
4.5",Bangalore,51 to 200 Employees,2009,Company - Private,Information Technology Support Services,Information Technology,Unknown / Non-Applicable,0,3 , 9 ,6.0,"Paktolus
",13,0,1,0,0
Machine learning Engineer,₹6L - ₹19L (Glassdoor Est.),"Hyderabad, Telangana | Full Time

Job Description
We are looking for an expert in machine learning to help us extract value from our data. You will lead all the processes from data collection, cleaning, and preprocessing, to training models and deploying
Responsibilities
Understanding business objectives and developing models that help to achieve them, along with metrics to track their progress
Managing available resources such as hardware, data, and personnel so that deadlines are met",4.1,"Anblicks
4.1",Hyderābād,201 to 500 Employees,2004,Company - Private,Information Technology Support Services,Information Technology,$5 to $25 million (USD),0,6 , 19 ,12.5,"Anblicks
",18,0,1,0,0
Machine Learning Engineer,₹11L - ₹12L (Glassdoor Est.),"Department :- Analytics
Type :- Work from Office
Job Location:- Pune
Experience :- 0-1 years
Qualification :- BE/B. Tech CE/IT or M. Tech CE/IT/DataScience
Job Responsibilities :
Primary:
Design and development of machine learning models for analysis of power train and vehicle dynamics data. Research in the fields of statistics, mathematics and automobile technology for the evolution of hybrid algorithms, which couple physics and machine learning. Use cases for said hybrid data models vary across vehicle health management, fuel pilferage tracking and driver behaviour profiling.",4.4,"Intangles Lab
4.4",Pune,1 to 50 Employees,0,Unknown / Non-Applicable,-1,-1,-1,0,11 , 12 ,11.5,"Intangles Lab
",0,0,1,0,0
Data Scientist,₹15L - ₹20L (Glassdoor Est.),"And are you eager to work on quality of data sources serving our end user products?
Are you interested in bringing your Machine Learning and NLP expertise to projects?
About our Team
Our team works within the Data Operations department helping to make the most out of Elsevier's high-quality scientific content. We work in high visibility projects, bringing Data Science, Machine Learning and NLP expertise to projects. We are responsible for end-to-end development aiming to extract information found within published or submitted for publication scientific content.
About the Role
You will work on projects as a Data Scientist, bringing your Data Science, Machine Learning and NLP expertise to projects. You will collaborate with technology teams, product managers and domain experts to build high value outcome from our content. You will have the opportunity to impact significant processes that affect our customer facing products.
Responsibilities",4.0,"RELX
4.0",Bangalore,10000+ Employees,1880,Company - Public,Information Technology Support Services,Information Technology,$10+ billion (USD),0,15 , 20 ,17.5,"RELX
",142,0,1,0,0
DATABASE DEVELOPER / DATABASE ARCHITECTURE - DATA SCIENCE,Employer Provided Salary:₹5L,"WE ARE HIRING FOR BENGALURU LOCATION
Position: Database Developer / Database Architecture - Data Science
Location: Jayanagar, Bengaluru _ (Karnataka)_
Role Context: AAVAS generates a tremendous amount of data on an ongoing basis. Decisioning in the company is highly data-driven and hence as an individual contributors, we require analysts who can leverage appropriate tools to generate relevant insights and create robust models that aid in decision making.
JOB DESCRIPTION
Job Responsibilities:",3.7,"Aavas Financiers Limited
3.7",India,1001 to 5000 Employees,2011,Company - Public,Banking & Lending,Finance,Unknown / Non-Applicable,1,5,5,5.0,"Aavas Financiers Limited
",11,0,1,0,0
Data Scientist - Business Insights,₹9L - ₹16L (Glassdoor Est.),"At EY, you’ll have the chance to build a career as unique as you are, with the global scale, support, inclusive culture and technology to become the best version of you. And we’re counting on your unique voice and perspective to help EY become even better, too. Join us and build an exceptional experience for yourself, and a better working world for all.

Job Summary:

The Junior Data Scientist will conduct research to help EY shape the global dialogue on topics we study and solve the toughest issues facing our clients, business, and society.

As part of the EY Research Institute, the Junior Data Scientist will be part of a team using quantitative and qualitative methods to test hypotheses, build models, and identify emerging trends related to a range of strategically important business topics. Research insights will provide content for client conversations and EY’s tier 1 thought leadership – a set of high impact publications on EY.com read by a global business audience. Past research topics include enterprise transformation, geopolitics, sustainability, technology, and consumer trust. All work will be done under the guidance of the Advanced Insights Lead , Data & Analytics Lead and in collaboration with a team of EY business leaders, subject matter experts, and content developers.",-1.0,"EY
3.9",Gurgaon,Unknown,0,Unknown / Non-Applicable,-1,-1,-1,0,9 , 16 ,12.5,"EY
3.9",0,0,1,0,0
Data Scientist - Multiple Locations,₹12L - ₹16L (Glassdoor Est.),"Combine two of the fastest-growing fields on the planet with a culture of performance, collaboration and opportunity and this is what you get. Leading edge technology in an industry that's improving the lives of millions. Here, innovation isn't about another gadget, it's about making health care data available wherever and whenever people need it, safely and reliably. There's no room for error. Join us and start doing your life's best work.(sm)
Primary Responsibility:
Comply with the terms and conditions of the employment contract, company policies and procedures, and any and all directives (such as, but not limited to, transfer and/or re-assignment to different work locations, change in teams and/or work shifts, policies in regards to flexibility of work benefits and/or work environment, alternative work arrangements, and other decisions that may arise due to the changing business environment). The Company may adopt, vary or rescind these policies and directives in its absolute discretion and without any limitation (implied or otherwise) on its ability to do so",3.6,"ICICI Prudential Life
4.4",Mumbai,10000+ Employees,1977,Company - Public,Healthcare Services & Hospitals,Healthcare,$10+ billion (USD),0,12 , 16 ,14.0,"ICICI Prudential Life
",45,0,1,0,0
Data Science cource with placement opportunity,Employer Provided Salary:₹6L - ₹12L,"RSUNSTAR EDUCATIONAL ACADEMY
Welcomes students interested in Data science and Data Analytics cources with placement opportunity.
First You have to go through the 12 months of complete cource in which you will be getting benefits of Delivery of study materials to your home address, E-books, live 1 to 1 video classes with live doubt solving sessions by best faculty member, recorded lectures, cource completion certificate and 100% guaranteed job placement in top IT companies with salary package of 6LPA to 15LPA.
Only persons who are willing to take cource can apply for it either fresher or experience both are applicable. It's open to all fields like B.com, Bsc, BA, etc and no age Criteria.",-1.0,Rsunstar Educational Academy,Hyderābād,-1,-1,-1,-1,-1,-1,1,6 , 12,9.0,Rsunstar Educational Academy,-1,0,1,0,0
Data Scientist - Multiple Locations,₹12L - ₹16L (Glassdoor Est.),"Combine two of the fastest-growing fields on the planet with a culture of performance, collaboration and opportunity and this is what you get. Leading edge technology in an industry that's improving the lives of millions. Here, innovation isn't about another gadget, it's about making health care data available wherever and whenever people need it, safely and reliably. There's no room for error. Join us and start doing your life's best work.(sm)
Primary Responsibility:
Comply with the terms and conditions of the employment contract, company policies and procedures, and any and all directives (such as, but not limited to, transfer and/or re-assignment to different work locations, change in teams and/or work shifts, policies in regards to flexibility of work benefits and/or work environment, alternative work arrangements, and other decisions that may arise due to the changing business environment). The Company may adopt, vary or rescind these policies and directives in its absolute discretion and without any limitation (implied or otherwise) on its ability to do so",3.6,"UnitedHealth Group
3.6",Hyderābād,10000+ Employees,1977,Company - Public,Healthcare Services & Hospitals,Healthcare,$10+ billion (USD),0,12 , 16 ,14.0,"UnitedHealth Group
",45,0,1,0,0
Machine Learning Engineer - Innovation Center Network,₹7L - ₹18L (Glassdoor Est.),"What we offer
Our company culture is focused on helping our employees enable innovation by building breakthroughs together. How? We focus every day on building the foundation for tomorrow and creating a workplace that embraces differences, values flexibility, and is aligned to our purpose-driven and future-focused work. We offer a highly collaborative, caring team environment with a strong focus on learning and development, recognition for your individual contributions, and a variety of benefit options for you to choose from. Apply now!

SUMMARY
The SAP Innovation Center Network (ICN) is responsible for contextualizing and pioneering the emerging technologies that will be foundational for SAP’s future success. We shape the next generation of enterprise software by exploring new technologies and developing bold prototypes. Join the team as a Machine Learning Engineer and be part of the team in Bangalore that has a vision towards new technologies and is committed to transformative innovations in a startup-like environment. You will have the opportunity to explore and contribute to the next generation of business applications, platforms, and software engineering tools.

You will..",4.4,"SAP
4.4",Bangalore,10000+ Employees,1972,Company - Public,Enterprise Software & Network Solutions,Information Technology,$10+ billion (USD),0,7 , 18 ,12.5,"SAP
",50,0,1,0,0
Artificial Intelligence Internship,Employer Provided Salary:₹12T,"About Company: Evolve Robot Lab is the India's first robot innovation lab for Robotics Engineering & Artificial Intelligence Solution.
Robotics research company"", with the grand vision to improve the quality of life in the very part of India with various deep tech solutions.
Who we are: Robotics start-up with young creative team based out of Madras, Tamilnadu We are making affordable robotics product for both industrial & military application.
Our Edu-Tech training facilitate to inspire & educate the next 10 million young generation of innovators, engineers, scientist & artists in the field of Robotics.
Our specialization :",-1.0,"SAP
4.4",India,-1,-1,-1,-1,-1,-1,1,12,12,12.0,"SAP
4.4",-1,0,1,0,0
